1,Faesida,Faesida@mail.ru,1999.6.26.,male
2,Dougar,Dougar@mail.ru,1991.9.26.,male
3,Mnelas,Mnelas@mail.ru,1982.10.26.,male
4,Colace,Colace@mail.ru,1988.7.20.,male
5,Sharpredeemer,Sharpredeemer@mail.ru,1993.5.1.,male
6,Thunderforge,Thunderforge@mail.ru,1970.1.19.,male
7,Bluefont,Bluefont@mail.ru,1971.3.26.,male
8,Kazrajin,Kazrajin@mail.ru,1982.12.25.,female
9,Saberdefender,Saberdef@mail.ruer@mail.ru,2003.3.8.,male
10,Botus,Botus@mail.ru,1981.7.24.,female
11,Kazijar,Kazijar@mail.ru,1985.12.24.,male
12,Perikelv,Perikelv@mail.ru,1997.11.23.,male
13,Nagrinn,Nagrinn@mail.ru,2000.3.9.,female
14,Hugimand,Hugimand@mail.ru,1977.6.5.,male
15,Kathrilar,Kathrilar@mail.ru,2006.2.26.,female
16,Laihuginn,Laihuginn@mail.ru,2008.2.14.,female
17,Chillworm,Chillworm@mail.ru,1980.9.23.,male
18,Anaron,Anaron@mail.ru,1995.9.24.,male
19,Nele,Nele@mail.ru,2010.4.19.,female
20,Aurinis,Aurinis@mail.ru,1993.1.21.,female
21,Moonmane,Moonmane@mail.ru,1970.11.18.,female
22,Keledora,Keledora@mail.ru,1986.4.1.,female
23,Akilar,Akilar@mail.ru,1972.12.27.,female
24,Burithis,Burithis@mail.ru,2004.11.2.,male
25,Balladordred,Balladordred@mail.ru,2005.9.26.,male
26,Kirirad,Kirirad@mail.ru,1991.2.15.,male
27,Centrirgas,Centrirgas@mail.ru,2003.2.4.,male
28,Gakus,Gakus@mail.ru,1998.9.16.,female
29,Ishnhelm,Ishnhelm@mail.ru,2006.5.2.,male
30,Saithirius,Saithirius@mail.ru,1986.12.26.,male
31,Zulura,Zulura@mail.ru,1990.10.9.,male
32,Faujind,Faujind@mail.ru,1983.4.11.,female
33,Moogushakar,Moogushakar@mail.ru,1998.11.4.,male
34,Fearlessfont,Fearlessfont@mail.ru,1996.11.9.,female
35,Shagra,Shagra@mail.ru,2001.1.22.,male
36,Andromadora,Andromadora@mail.ru,1978.2.26.,female
37,Aurus,Aurus@mail.ru,1989.7.9.,male
38,Spellfist,Spellfist@mail.ru,2004.3.1.,female
39,Cemeena,Cemeena@mail.ru,1998.4.15.,female
40,Gataur,Gataur@mail.ru,1984.7.18.,female
41,Whitebrew,Whitebrew@mail.ru,2005.6.17.,female
42,Hunis,Hunis@mail.ru,1983.2.22.,male
43,Balladodred,Balladodred@mail.ru,2006.11.25.,female
44,Akikus,Akikus@mail.ru,1997.8.15.,male
45,Dianalace,Dianalace@mail.ru,2010.1.21.,female
46,Agamalsa,Agamalsa@mail.ru,2000.6.16.,female
47,Kakora,Kakora@mail.ru,2003.10.22.,female
48,Beagas,Beagas@mail.ru,1979.1.7.,male
49,Sharana,Sharana@mail.ru,1970.6.22.,female
50,Shabandis,Shabandis@mail.ru,1977.3.2.,male
51,Goltikinos,Goltikinos@mail.ru,1985.9.7.,female
52,Ironwind,Ironwind@mail.ru,2008.6.21.,female
53,Kinos,Kinos@mail.ru,1980.11.1.,male
54,Barad,Barad@mail.ru,2008.2.20.,female
55,Rockbreaker,Rockbreaker@mail.ru,1991.10.15.,female
56,Trueskin,Trueskin@mail.ru,2009.2.8.,female
57,Lairdana,Lairdana@mail.ru,1990.5.7.,male
58,Agamabandis,Agamabandis@mail.ru,1993.9.17.,male
59,Nikojas,Nikojas@mail.ru,1993.10.25.,male
60,Akilkree,Akilkree@mail.ru,1977.10.17.,female
61,Fomeena,Fomeena@mail.ru,1971.6.18.,male
62,Oghmath,Oghmath@mail.ru,2005.8.11.,male
63,Broaddweller,Broaddweller@mail.ru,1985.6.1.,male
64,Dalagelv,Dalagelv@mail.ru,1978.8.16.,female
65,Keralore,Keralore@mail.ru,1991.11.23.,male
66,Zuzshura,Zuzshura@mail.ru,1985.12.23.,male
67,Merr,Merr@mail.ru,1997.6.3.,female
68,Redsinger,Redsinger@mail.ru,1996.11.26.,male
69,Mejind,Mejind@mail.ru,1970.7.25.,female
70,Dadred,Dadred@mail.ru,1992.7.27.,male
71,Doritus,Doritus@mail.ru,1992.7.4.,male
72,Hellstaff,Hellstaff@mail.ru,1990.8.24.,female
73,Fonaya,Fonaya@mail.ru,1972.7.11.,female
74,Adoralune,Adoralune@mail.ru,2002.8.11.,female
75,Alsardin,Alsardin@mail.ru,1998.12.10.,male
76,Umntrius,Umntrius@mail.ru,1976.2.28.,male
77,Goltisida,Goltisida@mail.ru,1998.6.2.,male
78,Spellraven,Spellraven@mail.ru,2005.9.15.,male
79,Auriri,Auriri@mail.ru,1976.12.20.,male
80,Kejinn,Kejinn@mail.ru,1999.3.6.,male
81,Gavinragrinn,Gavinragrinn@mail.ru,2004.10.23.,female
82,Runeshade,Runeshade@mail.ru,2005.7.13.,male
83,Kalar,Kalar@mail.ru,1996.1.8.,female
84,Vom,Vom@mail.ru,1990.3.3.,female
85,Aunn,Aunn@mail.ru,1970.7.8.,male
86,Painbringer,Painbringer@mail.ru,2002.6.26.,female
87,Gavitus,Gavitus@mail.ru,1997.5.28.,female
88,Blackfist,Blackfist@mail.ru,2009.3.14.,female
89,Doriris,Doriris@mail.ru,1972.12.28.,female
90,Cezel,Cezel@mail.ru,1976.6.8.,female
91,Nazel,Nazel@mail.ru,1996.10.8.,female
92,Centriri,Centriri@mail.ru,1984.5.15.,female
93,Doulkree,Doulkree@mail.ru,2003.1.12.,female
94,Whispersinger,Whispersinger@mail.ru,1999.11.13.,male
95,Kirinadar,Kirinadar@mail.ru,1989.1.21.,female
96,Dugami,Dugami@mail.ru,2000.3.7.,female
97,Meztizuru,Meztizuru@mail.ru,2002.7.9.,female
98,Vuran,Vuran@mail.ru,1992.11.5.,female
99,Kigazragore,Kigazragore@mail.ru,1999.7.11.,female
100,Aurifym,Aurifym@mail.ru,2002.3.4.,male
101,Moge,Moge@mail.ru,2008.1.23.,male
102,Miralbine,Miralbine@mail.ru,2002.10.11.,male
103,Kirikelv,Kirikelv@mail.ru,2010.12.15.,male
104,Starmoon,Starmoon@mail.ru,1993.1.22.,female
105,Agalanim,Agalanim@mail.ru,1992.12.16.,male
106,Oghmaginn,Oghmaginn@mail.ru,1997.5.3.,female
107,Stonemoon,Stonemoon@mail.ru,1995.5.28.,male
108,Sabermane,Sabermane@mail.ru,2006.4.13.,female
109,Mnerdana,Mnerdana@mail.ru,1980.11.22.,female
110,Felhari,Felhari@mail.ru,2000.12.3.,female
111,Faesida,Faesida@mail.ru,2001.12.26.,male
112,Gavinranis,Gavinranis@mail.ru,1985.3.28.,female
113,Monris,Monris@mail.ru,2000.11.22.,male
114,Grardred,Grardred@mail.ru,1991.6.5.,male
115,Gavithris,Gavithris@mail.ru,1976.3.4.,male
116,Hugidwyn,Hugidwyn@mail.ru,1973.6.14.,female
117,Landazius,Landazius@mail.ru,1978.5.11.,female
118,Dorinara,Dorinara@mail.ru,1987.1.26.,male
119,JoJomi,JoJomi@mail.ru,2001.3.17.,male
120,Saberhunter,Saberhunter@mail.ru,1985.7.13.,male
121,Kuladora,Kuladora@mail.ru,2009.9.4.,female
122,Perirne,Perirne@mail.ru,1991.2.14.,female
123,Dianari,Dianari@mail.ru,2007.4.5.,male
124,Yggfym,Yggfym@mail.ru,1978.12.6.,female
125,Bralore,Bralore@mail.ru,1970.1.7.,male
126,Teril,Teril@mail.ru,1994.9.10.,male
127,Flamekiller,Flamekiller@mail.ru,2001.11.9.,male
128,Beagas,Beagas@mail.ru,2006.3.8.,female
129,Grawield,Grawield@mail.ru,2004.5.12.,female
130,Mnege,Mnege@mail.ru,1980.7.16.,female
131,Darn,Darn@mail.ru,1973.3.9.,female
132,Manahelm,Manahelm@mail.ru,2010.5.9.,female
133,Adodor,Adodor@mail.ru,1983.5.21.,male
134,Gridred,Gridred@mail.ru,1985.7.15.,male
135,Mezira,Mezira@mail.ru,2006.3.24.,male
136,Pethris,Pethris@mail.ru,1978.2.8.,male
137,Arashikasa,Arashikasa@mail.ru,1998.11.23.,male
138,Tulabar,Tulabar@mail.ru,2000.6.9.,male
139,Iannius,Iannius@mail.ru,1998.12.5.,female
140,Gravelrunner,Gravelrunner@mail.ru,1983.4.7.,female
141,Opirdred,Opirdred@mail.ru,1983.11.8.,male
142,Tholar,Tholar@mail.ru,1997.4.1.,female
143,Tahn,Tahn@mail.ru,1984.7.16.,female
144,Shakaran,Shakaran@mail.ru,1970.5.23.,male
145,Modizan,Modizan@mail.ru,1987.2.3.,female
146,Dalalore,Dalalore@mail.ru,2001.5.11.,male
147,Taushura,Taushura@mail.ru,1986.6.19.,male
148,Nuari,Nuari@mail.ru,1996.4.24.,female
149,Murgas,Murgas@mail.ru,2002.7.8.,male
150,Mazugor,Mazugor@mail.ru,1997.9.20.,female
151,Buzanara,Buzanara@mail.ru,1994.10.6.,female
152,Kebandis,Kebandis@mail.ru,1971.2.2.,female
153,Gogal,Gogal@mail.ru,1983.2.9.,female
154,Meztikazahn,Meztikazahn@mail.ru,1995.5.11.,male
155,Coidar,Coidar@mail.ru,1980.6.18.,female
156,Andromagar,Andromagar@mail.ru,1989.1.20.,male
157,Thordilv,Thordilv@mail.ru,1976.7.16.,female
158,Gajas,Gajas@mail.ru,1981.10.20.,female
159,Kazijora,Kazijora@mail.ru,1970.1.3.,female
160,Gavidwyn,Gavidwyn@mail.ru,1975.4.9.,female
161,Thorgaghma,Thorgaghma@mail.ru,1975.4.24.,male
162,Buzari,Buzari@mail.ru,1996.7.1.,female
163,Dorilas,Dorilas@mail.ru,1970.9.20.,male
164,Ariuath,Ariuath@mail.ru,1993.10.25.,male
165,Araramar,Araramar@mail.ru,1983.4.12.,female
166,Blackbrand,Blackbrand@mail.ru,2003.6.28.,male
167,Akinoran,Akinoran@mail.ru,1994.9.26.,male
168,Ganos,Ganos@mail.ru,1981.1.18.,female
169,Siragar,Siragar@mail.ru,1975.4.7.,male
170,Morne,Morne@mail.ru,2010.3.24.,female
171,Ariulas,Ariulas@mail.ru,1996.10.12.,male
172,Dozahn,Dozahn@mail.ru,1974.11.14.,male
173,Oghmaril,Oghmaril@mail.ru,1983.4.7.,male
174,Thordibor,Thordibor@mail.ru,1979.1.7.,female
175,Mnezan,Mnezan@mail.ru,1978.9.13.,male
176,Lainara,Lainara@mail.ru,1999.10.10.,female
177,Shalizius,Shalizius@mail.ru,2003.8.26.,male
178,Kerius,Kerius@mail.ru,1975.5.2.,female
179,Akinojora,Akinojora@mail.ru,1996.3.27.,female
180,Virisar,Virisar@mail.ru,1974.4.25.,female
181,Kajilar,Kajilar@mail.ru,1975.4.4.,male
182,Perizius,Perizius@mail.ru,1987.6.2.,male
183,Kazrall,Kazrall@mail.ru,1980.8.3.,female
184,Rexskin,Rexskin@mail.ru,1977.8.19.,male
185,Cordari,Cordari@mail.ru,1992.5.18.,female
186,Starpick,Starpick@mail.ru,1981.2.8.,female
187,Malolv,Malolv@mail.ru,1973.6.26.,female
188,Nuadafyn,Nuadafyn@mail.ru,1996.12.13.,male
189,Brann,Brann@mail.ru,2010.4.15.,male
190,Dumuro,Dumuro@mail.ru,1978.1.18.,female
191,Shadowskin,Shadowskin@mail.ru,1990.6.18.,female
192,Whitecliff,Whitecliff@mail.ru,1982.7.25.,female
193,Moriel,Moriel@mail.ru,2002.5.16.,female
194,Zulular,Zulular@mail.ru,1990.5.2.,female
195,Jugis,Jugis@mail.ru,1993.1.16.,male
196,Akinorg,Akinorg@mail.ru,2004.2.23.,female
197,Nebei,Nebei@mail.ru,1998.11.12.,male
198,Ishndar,Ishndar@mail.ru,1980.11.9.,male
199,Gavidar,Gavidar@mail.ru,1976.12.12.,male
200,Bolace,Bolace@mail.ru,1971.5.1.,female
201,Aralrajas,Aralrajas@mail.ru,1990.10.13.,female
202,Kathririel,Kathririel@mail.ru,2000.7.26.,male
203,Corus,Corus@mail.ru,2001.2.15.,male
204,Meran,Meran@mail.ru,1984.1.20.,male
205,Akinolmaran,Akinolmaran@mail.ru,1992.8.5.,female
206,Samushura,Samushura@mail.ru,2000.8.3.,female
207,Tygogore,Tygogore@mail.ru,1978.3.18.,female
208,Perikus,Perikus@mail.ru,1991.11.26.,male
209,Nuakelv,Nuakelv@mail.ru,1991.5.6.,male
210,Malofym,Malofym@mail.ru,1985.12.6.,male
211,Felhanin,Felhanin@mail.ru,1970.5.18.,female
212,Nazan,Nazan@mail.ru,1972.12.12.,male
213,Bulen,Bulen@mail.ru,1980.6.6.,female
214,Faulabar,Faulabar@mail.ru,1987.8.6.,female
215,Moragda,Moragda@mail.ru,1980.9.4.,female
216,Dishakar,Dishakar@mail.ru,1971.11.5.,female
217,Doombeard,Doombeard@mail.ru,2003.5.1.,male
218,Bazilkree,Bazilkree@mail.ru,1998.7.8.,male
219,Gohn,Gohn@mail.ru,1994.2.4.,female
220,Nikobar,Nikobar@mail.ru,1984.7.28.,female
221,Ariulas,Ariulas@mail.ru,1980.3.22.,female
222,Flameworker,Flameworker@mail.ru,1995.12.19.,female
223,Ausida,Ausida@mail.ru,2002.12.2.,male
224,Oghmaril,Oghmaril@mail.ru,1994.9.13.,female
225,Dagdanara,Dagdanara@mail.ru,1980.3.25.,female
226,Adonn,Adonn@mail.ru,2008.5.1.,female
227,Kelelis,Kelelis@mail.ru,2002.3.1.,female
228,Arcanegrove,Arcanegrove@mail.ru,1970.10.8.,female
229,Dagdallador,Dagdallador@mail.ru,2009.8.8.,female
230,Ianlmeena,Ianlmeena@mail.ru,1985.6.13.,female
231,Kagarr,Kagarr@mail.ru,1978.12.16.,female
232,Maktilar,Maktilar@mail.ru,1977.1.15.,male
233,Ganin,Ganin@mail.ru,2002.10.13.,male
234,Mezigal,Mezigal@mail.ru,2002.7.4.,female
235,Jujora,Jujora@mail.ru,2003.4.9.,male
236,Dora,Dora@mail.ru,1971.7.12.,male
237,Vudolabar,Vudolabar@mail.ru,1997.11.22.,female
238,Periwield,Periwield@mail.ru,2001.8.20.,female
239,Bular,Bular@mail.ru,1994.7.1.,female
240,Fordrejurus,Fordrejurus@mail.ru,1987.5.19.,male
241,Sirarus,Sirarus@mail.ru,1984.10.25.,female
242,Balladordred,Balladordred@mail.ru,2003.8.3.,female
243,Mardred,Mardred@mail.ru,1979.9.1.,female
244,Cordawield,Cordawield@mail.ru,2010.5.11.,female
245,Ishnrdin,Ishnrdin@mail.ru,1990.11.16.,male
246,Munirim,Munirim@mail.ru,1989.4.3.,female
247,Kazram,Kazram@mail.ru,2006.5.11.,female
248,Lainius,Lainius@mail.ru,1977.9.10.,female
249,Mugore,Mugore@mail.ru,2009.6.15.,female
250,Brahelm,Brahelm@mail.ru,1986.8.1.,female
251,Burigelv,Burigelv@mail.ru,1982.9.15.,female
252,Spellray,Spellray@mail.ru,2003.8.12.,female
253,Bashura,Bashura@mail.ru,1975.12.15.,male
254,Cereri,Cereri@mail.ru,2004.5.12.,male
255,Terr,Terr@mail.ru,1975.1.6.,male
256,Anayarana,Anayarana@mail.ru,1974.12.8.,female
257,Arashiran,Arashiran@mail.ru,1977.12.22.,male
258,Oghmadred,Oghmadred@mail.ru,1996.7.26.,female
259,Tushura,Tushura@mail.ru,2007.8.17.,female
260,Dugor,Dugor@mail.ru,1971.8.9.,male
261,Mamuro,Mamuro@mail.ru,1988.10.6.,male
262,Kigagar,Kigagar@mail.ru,1977.7.21.,female
263,Andromalsa,Andromalsa@mail.ru,1985.6.4.,female
264,Marirdin,Marirdin@mail.ru,2006.8.21.,female
265,Balhala,Balhala@mail.ru,1976.2.16.,female
266,Cordador,Cordador@mail.ru,1991.3.14.,male
267,Blueconjuror,Blueconjuror@mail.ru,1972.6.10.,male
268,Rockredeemer,Rockredeemer@mail.ru,1972.8.8.,female
269,Thetabor,Thetabor@mail.ru,2007.12.28.,female
270,Gralas,Gralas@mail.ru,1996.6.1.,male
271,Kigor,Kigor@mail.ru,2007.7.14.,male
272,Whiteterror,Whiteterror@mail.ru,1991.12.22.,male
273,Dijind,Dijind@mail.ru,2006.1.16.,male
274,Sirazar,Sirazar@mail.ru,2009.3.4.,male
275,Whitewalker,Whitewalker@mail.ru,1998.2.19.,female
276,Turamar,Turamar@mail.ru,1979.3.4.,male
277,Modirana,Modirana@mail.ru,1990.1.23.,male
278,Bandiril,Bandiril@mail.ru,2003.5.27.,female
279,Rageraven,Rageraven@mail.ru,2009.6.11.,male
280,Shak,Shak@mail.ru,2009.6.3.,female
281,Landargas,Landargas@mail.ru,1992.10.27.,female
282,Dak,Dak@mail.ru,1999.4.25.,male
283,Bladewood,Bladewood@mail.ru,1972.12.6.,female
284,Mooguk,Mooguk@mail.ru,1980.10.10.,female
285,Rainsmasher,Rainsmasher@mail.ru,1983.12.3.,female
286,Modilanim,Modilanim@mail.ru,2000.9.23.,female
287,Zunos,Zunos@mail.ru,1973.2.20.,female
288,Mightconjuror,Mightconjuror@mail.ru,1989.6.3.,male
289,Malamuro,Malamuro@mail.ru,1971.12.12.,male
290,Kat,Kat@mail.ru,2007.2.19.,male
291,Nikoran,Nikoran@mail.ru,1999.7.5.,male
292,Ananara,Ananara@mail.ru,1981.11.10.,female
293,Ariumeena,Ariumeena@mail.ru,1986.4.20.,female
294,Maverad,Maverad@mail.ru,2002.7.11.,male
295,Thoath,Thoath@mail.ru,2002.8.18.,female
296,Zatius,Zatius@mail.ru,1978.4.7.,female
297,Ballarn,Ballarn@mail.ru,1988.2.14.,male
298,Ishnsida,Ishnsida@mail.ru,1971.9.14.,female
299,Whisperstaff,Whisperstaff@mail.ru,1999.4.25.,female
300,Cerenadar,Cerenadar@mail.ru,1984.12.11.,female
301,Taulrajas,Taulrajas@mail.ru,2000.8.15.,male
302,Dalanius,Dalanius@mail.ru,1983.11.16.,male
303,Gavinranaya,Gavinranaya@mail.ru,1996.11.4.,female
304,Redray,Redray@mail.ru,1987.6.14.,male
305,Gavinradar,Gavinradar@mail.ru,1982.2.8.,male
306,Ballarne,Ballarne@mail.ru,1990.7.3.,female
307,Manabandis,Manabandis@mail.ru,1983.12.9.,female
308,Penn,Penn@mail.ru,1994.10.10.,male
309,Anayann,Anayann@mail.ru,2000.12.15.,male
310,Mauhn,Mauhn@mail.ru,1994.10.5.,male
311,Nilanius,Nilanius@mail.ru,2008.4.25.,male
312,Bladesmith,Bladesmith@mail.ru,2002.7.22.,female
313,Bloodwind,Bloodwind@mail.ru,2008.5.3.,male
314,Rockdweller,Rockdweller@mail.ru,1973.12.20.,female
315,Bara,Bara@mail.ru,1980.5.22.,male
316,Malagore,Malagore@mail.ru,1978.4.19.,male
317,Mordana,Mordana@mail.ru,1988.5.10.,female
318,Sirakus,Sirakus@mail.ru,2008.3.26.,male
319,Dawnfont,Dawnfont@mail.ru,1972.9.1.,female
320,Shadowsinger,Shadowsinger@mail.ru,2003.4.24.,female
321,Faegal,Faegal@mail.ru,1972.2.2.,female
322,Sternwind,Sternwind@mail.ru,2010.3.13.,male
323,Dagdalsa,Dagdalsa@mail.ru,1976.11.27.,male
324,Periris,Periris@mail.ru,1987.9.14.,male
325,Akinotaur,Akinotaur@mail.ru,2005.12.17.,female
326,Jonis,Jonis@mail.ru,2004.9.2.,male
327,Budred,Budred@mail.ru,1989.1.11.,female
328,Shaktishakar,Shaktishakar@mail.ru,1985.8.2.,female
329,Forcerunner,Forcerunner@mail.ru,2009.3.21.,male
330,Midal,Midal@mail.ru,1990.10.5.,male
331,Zolokinos,Zolokinos@mail.ru,1986.8.28.,male
332,Gholbigas,Gholbigas@mail.ru,1970.3.13.,male
333,Malashicage,Malashicage@mail.ru,1998.11.24.,male
334,Gavinrazan,Gavinrazan@mail.ru,1988.2.20.,male
335,Cenadar,Cenadar@mail.ru,1980.7.6.,male
336,Shakall,Shakall@mail.ru,1998.11.28.,male
337,Dazuru,Dazuru@mail.ru,1997.5.20.,male
338,Akigis,Akigis@mail.ru,2003.2.3.,male
339,Beatus,Beatus@mail.ru,1975.12.27.,female
340,Saithisius,Saithisius@mail.ru,1973.3.26.,male
341,Rocksinger,Rocksinger@mail.ru,2006.12.19.,male
342,Opirad,Opirad@mail.ru,1985.6.3.,male
343,Jusar,Jusar@mail.ru,2008.5.5.,male
344,Fordin,Fordin@mail.ru,1998.8.11.,male
345,Goltikasa,Goltikasa@mail.ru,2006.10.28.,male
346,Dalardana,Dalardana@mail.ru,1972.12.14.,female
347,Mirazel,Mirazel@mail.ru,1975.7.10.,female
348,Maran,Maran@mail.ru,1971.8.1.,female
349,Akinoshakar,Akinoshakar@mail.ru,1987.1.9.,female
350,Bujurus,Bujurus@mail.ru,1971.7.1.,female
351,Sharpworker,Sharpworker@mail.ru,1973.6.16.,male
352,Daizshura,Daizshura@mail.ru,2001.11.9.,female
353,Shaktile,Shaktile@mail.ru,1974.6.9.,female
354,Makree,Makree@mail.ru,1989.5.11.,male
355,Felhalhala,Felhalhala@mail.ru,1994.1.19.,female
356,Jukazahn,Jukazahn@mail.ru,2010.7.17.,male
357,Kezar,Kezar@mail.ru,1977.4.27.,female
358,Yozshutaur,Yozshutaur@mail.ru,2003.6.8.,female
359,Maridred,Maridred@mail.ru,1979.7.18.,female
360,Modindis,Modindis@mail.ru,1981.10.13.,female
361,Karg,Karg@mail.ru,2006.3.5.,male
362,Fearlesscaster,Fearlesscaster@mail.ru,1986.12.11.,female
363,Femeena,Femeena@mail.ru,1988.10.7.,male
364,Kazrarn,Kazrarn@mail.ru,1985.9.22.,female
365,Felogelv,Felogelv@mail.ru,2010.7.17.,female
366,Zukus,Zukus@mail.ru,1996.11.17.,male
367,Kisho,Kisho@mail.ru,2006.12.23.,female
368,Yozshushura,Yozshushura@mail.ru,1990.7.18.,female
369,Meztidal,Meztidal@mail.ru,1991.10.6.,female
370,Dalagamand,Dalagamand@mail.ru,2000.11.11.,female
371,Juhn,Juhn@mail.ru,1970.3.2.,female
372,Grinadar,Grinadar@mail.ru,2003.8.8.,male
373,Bludpick,Bludpick@mail.ru,1977.2.23.,female
374,Gumuro,Gumuro@mail.ru,1984.3.19.,male
375,Balladwyn,Balladwyn@mail.ru,1982.9.1.,female
376,Mowield,Mowield@mail.ru,1988.2.23.,female
377,Darkbreaker,Darkbreaker@mail.ru,1989.10.14.,female
378,Kameena,Kameena@mail.ru,1988.3.14.,female
379,Malabei,Malabei@mail.ru,1997.11.6.,female
380,Blackbinder,Blackbinder@mail.ru,1973.5.4.,male
381,Nikojinn,Nikojinn@mail.ru,2000.12.28.,female
382,Yozshutaxe,Yozshutaxe@mail.ru,1971.4.6.,female
383,Tojasida,Tojasida@mail.ru,2007.9.22.,female
384,Zulukasa,Zulukasa@mail.ru,2003.9.4.,male
385,Morius,Morius@mail.ru,2005.3.18.,male
386,Yozshusho,Yozshusho@mail.ru,1997.9.26.,male
387,Adrie,Adrie@mail.ru,1980.6.24.,female
388,Arashinos,Arashinos@mail.ru,1991.4.25.,male
389,Tholbine,Tholbine@mail.ru,2009.7.6.,female
390,Mnefyn,Mnefyn@mail.ru,2004.8.15.,male
391,Ragefont,Ragefont@mail.ru,2007.10.25.,male
392,Zolosar,Zolosar@mail.ru,2001.7.2.,female
393,Nalmedor,Nalmedor@mail.ru,1996.8.28.,female
394,Gaktilar,Gaktilar@mail.ru,1999.10.21.,male
395,Vudogore,Vudogore@mail.ru,1999.4.5.,male
396,Thordilis,Thordilis@mail.ru,1970.6.1.,male
397,Redhammer,Redhammer@mail.ru,2005.8.7.,male
398,Branrad,Branrad@mail.ru,2000.3.3.,male
399,Faukora,Faukora@mail.ru,1971.5.7.,female
400,Mageraven,Mageraven@mail.ru,1983.3.5.,female
401,Dosho,Dosho@mail.ru,2008.7.4.,male
402,Arcanebreaker,Arcanebreaker@mail.ru,1997.1.10.,male
403,Kagami,Kagami@mail.ru,1987.8.8.,female
404,Cerejurus,Cerejurus@mail.ru,1984.4.6.,male
405,Bunara,Bunara@mail.ru,1971.1.6.,male
406,Dusar,Dusar@mail.ru,2004.5.7.,female
407,Mightmoon,Mightmoon@mail.ru,1997.1.17.,male
408,Rockbrew,Rockbrew@mail.ru,2000.6.4.,male
409,Muris,Muris@mail.ru,1991.3.12.,female
410,Kazragore,Kazragore@mail.ru,1975.2.7.,female
411,Thordilis,Thordilis@mail.ru,1971.11.27.,female
412,Kasho,Kasho@mail.ru,2005.6.8.,female
413,Mizil,Mizil@mail.ru,2010.3.20.,male
414,Saithithis,Saithithis@mail.ru,1979.8.1.,male
415,Ceredor,Ceredor@mail.ru,1970.6.24.,female
416,Grokus,Grokus@mail.ru,1974.8.21.,male
417,Feramar,Feramar@mail.ru,1994.4.12.,male
418,Mazule,Mazule@mail.ru,1996.8.15.,female
419,Thetariel,Thetariel@mail.ru,1972.12.12.,female
420,Vinris,Vinris@mail.ru,1973.6.25.,female
421,Sai,Sai@mail.ru,1991.7.6.,male
422,Shakajas,Shakajas@mail.ru,2007.2.9.,female
423,Moralace,Moralace@mail.ru,1979.6.8.,female
424,Akinozilkree,Akinozilkree@mail.ru,2006.11.3.,male
425,Cordanara,Cordanara@mail.ru,1972.12.17.,male
426,Takree,Takree@mail.ru,2003.11.12.,female
427,Tauk,Tauk@mail.ru,1994.4.11.,female
428,Nualanim,Nualanim@mail.ru,1994.9.10.,female
429,Dorigas,Dorigas@mail.ru,2005.3.24.,male
430,Arashisida,Arashisida@mail.ru,1982.3.15.,male
431,Dizuru,Dizuru@mail.ru,1982.5.19.,male
432,Gromuro,Gromuro@mail.ru,1977.12.18.,male
433,Buth,Buth@mail.ru,1990.9.13.,female
434,Aralmaran,Aralmaran@mail.ru,1971.11.27.,male
435,Fotus,Fotus@mail.ru,2010.3.28.,male
436,Daginn,Daginn@mail.ru,1970.12.6.,male
437,Mnedi,Mnedi@mail.ru,1984.10.23.,male
438,Kakus,Kakus@mail.ru,1979.3.12.,male
439,Goltigar,Goltigar@mail.ru,1997.7.10.,male
440,Colis,Colis@mail.ru,1971.6.26.,female
441,Gokazahn,Gokazahn@mail.ru,1997.10.28.,female
442,Groramar,Groramar@mail.ru,1970.3.24.,male
443,Gardasar,Gardasar@mail.ru,1978.5.14.,male
444,Kathrintrius,Kathrintrius@mail.ru,1998.10.4.,female
445,Corius,Corius@mail.ru,1986.11.22.,male
446,Zululrajas,Zululrajas@mail.ru,1976.9.13.,female
447,Malis,Malis@mail.ru,1992.6.1.,female
448,Felozius,Felozius@mail.ru,1986.8.7.,male
449,Moratius,Moratius@mail.ru,1978.2.24.,male
450,Anadred,Anadred@mail.ru,1999.10.22.,male
451,Arazuru,Arazuru@mail.ru,1978.7.10.,male
452,Kalhala,Kalhala@mail.ru,1993.9.3.,female
453,Faujin,Faujin@mail.ru,1990.8.1.,male
454,Teron,Teron@mail.ru,2005.11.9.,female
455,Shaktimi,Shaktimi@mail.ru,2002.9.22.,male
456,Truebreaker,Truebreaker@mail.ru,2006.8.6.,male
457,Goldraven,Goldraven@mail.ru,1974.4.9.,male
458,Sternfire,Sternfire@mail.ru,1978.12.1.,female
459,Anayalen,Anayalen@mail.ru,1972.12.13.,female
460,Whisperpick,Whisperpick@mail.ru,1979.7.15.,female
461,Keledred,Keledred@mail.ru,1974.10.27.,male
462,Peridwyn,Peridwyn@mail.ru,2005.10.26.,female
463,Malodwyn,Malodwyn@mail.ru,2005.5.19.,male
464,Gavidor,Gavidor@mail.ru,1977.3.15.,female
465,Lath,Lath@mail.ru,1991.9.15.,male
466,Tushura,Tushura@mail.ru,1988.10.2.,female
467,Hugindis,Hugindis@mail.ru,1994.10.27.,female
468,Thunderterror,Thunderterror@mail.ru,1986.9.7.,male
469,Gholbilar,Gholbilar@mail.ru,1991.7.28.,male
470,Whitebinder,Whitebinder@mail.ru,1977.2.24.,male
471,Netilar,Netilar@mail.ru,2006.2.2.,female
472,Thetalace,Thetalace@mail.ru,1971.11.23.,male
473,Nisida,Nisida@mail.ru,1997.4.1.,male
474,Hellwood,Hellwood@mail.ru,1984.7.6.,female
475,Moogulrajas,Moogulrajas@mail.ru,1979.2.28.,male
476,Mana,Mana@mail.ru,1994.10.7.,male
477,Burige,Burige@mail.ru,1999.11.3.,male
478,Mizragore,Mizragore@mail.ru,1978.2.7.,male
479,JoJogal,JoJogal@mail.ru,1975.10.22.,male
480,Kasius,Kasius@mail.ru,1980.1.18.,male
481,Drelarad,Drelarad@mail.ru,1994.1.14.,male
482,Larin,Larin@mail.ru,2006.8.2.,female
483,Kazradal,Kazradal@mail.ru,1988.9.15.,female
484,Nuazar,Nuazar@mail.ru,1979.10.7.,male
485,Saithisius,Saithisius@mail.ru,2005.8.26.,male
486,Malajas,Malajas@mail.ru,1991.12.11.,female
487,Garan,Garan@mail.ru,1985.3.6.,male
488,Tubei,Tubei@mail.ru,1984.5.16.,male
489,Agamamand,Agamamand@mail.ru,1993.3.20.,female
490,JoJolmaran,JoJolmaran@mail.ru,1980.2.7.,male
491,Andromahelm,Andromahelm@mail.ru,2007.1.27.,female
492,Mariginn,Mariginn@mail.ru,1976.1.3.,male
493,Cokus,Cokus@mail.ru,2000.10.1.,male
494,Silverwind,Silverwind@mail.ru,1982.3.7.,female
495,Bodi,Bodi@mail.ru,2007.9.2.,female
496,Brardana,Brardana@mail.ru,1979.1.19.,female
497,Kishicage,Kishicage@mail.ru,2001.2.19.,male
498,Daktilar,Daktilar@mail.ru,1983.5.6.,female
499,Nelabar,Nelabar@mail.ru,2002.2.2.,male
500,Bonn,Bonn@mail.ru,1998.2.12.,male
501,Moonmane,Moonmane@mail.ru,1977.3.14.,female
502,Gavidwyn,Gavidwyn@mail.ru,2008.3.2.,female
503,Tygokazahn,Tygokazahn@mail.ru,2007.4.9.,male
504,Dukora,Dukora@mail.ru,1991.9.6.,male
505,Maran,Maran@mail.ru,1975.3.11.,female
506,Dozius,Dozius@mail.ru,1973.1.19.,male
507,Telis,Telis@mail.ru,1987.12.28.,female
508,Jogelv,Jogelv@mail.ru,1997.1.20.,male
509,Yozshushicage,Yozshushicage@mail.ru,1986.9.23.,female
510,Blueconjuror,Blueconjuror@mail.ru,1996.9.20.,male
511,Thorga,Thorga@mail.ru,1985.3.21.,female
512,Dagrinn,Dagrinn@mail.ru,1979.10.5.,male
513,Morus,Morus@mail.ru,1983.8.27.,female
514,Nuadadwyn,Nuadadwyn@mail.ru,1981.9.18.,male
515,Viran,Viran@mail.ru,1989.2.24.,female
516,Gavinramath,Gavinramath@mail.ru,1971.12.26.,male
517,Mnelas,Mnelas@mail.ru,2005.4.4.,female
518,Samushura,Samushura@mail.ru,2003.11.21.,female
519,Granilar,Granilar@mail.ru,2003.1.20.,male
520,Mariris,Mariris@mail.ru,2005.1.22.,male
521,Goshura,Goshura@mail.ru,2001.11.16.,male
522,Mall,Mall@mail.ru,1998.1.27.,female
523,Tautaur,Tautaur@mail.ru,1995.6.9.,male
524,Vusida,Vusida@mail.ru,2004.1.18.,male
525,Taur,Taur@mail.ru,1998.2.9.,male
526,Centritius,Centritius@mail.ru,1987.5.6.,male
527,Saigelv,Saigelv@mail.ru,1971.1.18.,female
528,Nakora,Nakora@mail.ru,1987.9.26.,male
529,Tygranius,Tygranius@mail.ru,1972.12.22.,female
530,Kagrinn,Kagrinn@mail.ru,1992.8.8.,female
531,Cordalak,Cordalak@mail.ru,2007.11.27.,male
532,Nilanaya,Nilanaya@mail.ru,1979.1.8.,male
533,Nejar,Nejar@mail.ru,2006.9.23.,female
534,Shalirn,Shalirn@mail.ru,1970.3.15.,female
535,Gohn,Gohn@mail.ru,2007.1.10.,male
536,Shalitius,Shalitius@mail.ru,2002.11.24.,female
537,Dular,Dular@mail.ru,1978.4.28.,female
538,Morann,Morann@mail.ru,1997.8.10.,male
539,Vudokora,Vudokora@mail.ru,1974.11.16.,female
540,Mazura,Mazura@mail.ru,1986.12.23.,female
541,Direwarden,Direwarden@mail.ru,1979.9.25.,male
542,Snowgrove,Snowgrove@mail.ru,2008.4.20.,female
543,Nalmelanim,Nalmelanim@mail.ru,2001.1.16.,male
544,Goldcaster,Goldcaster@mail.ru,1998.10.16.,female
545,Visho,Visho@mail.ru,1990.10.8.,female
546,Zoloshicage,Zoloshicage@mail.ru,1988.3.21.,female
547,Modikus,Modikus@mail.ru,1987.5.2.,male
548,Whiteworm,Whiteworm@mail.ru,2000.8.5.,male
549,Samugore,Samugore@mail.ru,1982.11.20.,female
550,Kagajin,Kagajin@mail.ru,2000.8.24.,female
551,Jugal,Jugal@mail.ru,2002.1.27.,male
552,Gavizius,Gavizius@mail.ru,1987.8.1.,male
553,Miralar,Miralar@mail.ru,2009.3.3.,male
554,Conjugrinn,Conjugrinn@mail.ru,1999.10.11.,male
555,Ganara,Ganara@mail.ru,1991.10.19.,male
556,Anawyn,Anawyn@mail.ru,1976.8.4.,female
557,Stonebeard,Stonebeard@mail.ru,2006.3.10.,female
558,Corus,Corus@mail.ru,1999.6.5.,male
559,Dakora,Dakora@mail.ru,1984.2.4.,male
560,Musida,Musida@mail.ru,2006.10.12.,male
561,Gavinralmeena,Gavinralmeena@mail.ru,2008.9.1.,female
562,Kazshura,Kazshura@mail.ru,1986.7.14.,female
563,Wrathfury,Wrathfury@mail.ru,2001.5.23.,female
564,Nathis,Nathis@mail.ru,1986.7.22.,female
565,Granin,Granin@mail.ru,1988.2.22.,male
566,Beatius,Beatius@mail.ru,1975.1.4.,male
567,Direshade,Direshade@mail.ru,1993.7.11.,male
568,Thordiri,Thordiri@mail.ru,1978.3.25.,male
569,Shagda,Shagda@mail.ru,2010.11.17.,male
570,Moradora,Moradora@mail.ru,2002.9.9.,female
571,Dile,Dile@mail.ru,1996.3.14.,female
572,Buzaginn,Buzaginn@mail.ru,1988.1.20.,female
573,Axeweaver,Axeweaver@mail.ru,1978.5.20.,male
574,Goltimuro,Goltimuro@mail.ru,1992.11.26.,female
575,Tesida,Tesida@mail.ru,1970.4.9.,male
576,Mekazahn,Mekazahn@mail.ru,2008.2.13.,female
577,Manadar,Manadar@mail.ru,1991.7.26.,male
578,Balladokelv,Balladokelv@mail.ru,1977.4.5.,female
579,Ironbourne,Ironbourne@mail.ru,1979.9.18.,male
580,Perizar,Perizar@mail.ru,1996.12.19.,female
581,Fenritaxe,Fenritaxe@mail.ru,2007.2.18.,female
582,Manos,Manos@mail.ru,1981.4.6.,female
583,Ironwing,Ironwing@mail.ru,2003.9.1.,male
584,Gozshura,Gozshura@mail.ru,2006.7.11.,female
585,Conn,Conn@mail.ru,1987.7.12.,female
586,Truthterror,Truthterror@mail.ru,1975.3.2.,female
587,Adodwyn,Adodwyn@mail.ru,1979.10.2.,female
588,Zolozil,Zolozil@mail.ru,1979.4.25.,female
589,Hellhammer,Hellhammer@mail.ru,1988.1.14.,female
590,Kariel,Kariel@mail.ru,2000.4.4.,female
591,Steelbringer,Steelbringer@mail.ru,1970.6.13.,male
592,Ianrus,Ianrus@mail.ru,1977.3.20.,male
593,Tygojar,Tygojar@mail.ru,1975.6.9.,male
594,Mezuru,Mezuru@mail.ru,1972.7.15.,male
595,Centrira,Centrira@mail.ru,2004.1.8.,male
596,Painfire,Painfire@mail.ru,1970.9.21.,female
597,Mozragore,Mozragore@mail.ru,1991.7.2.,female
598,Yozshugor,Yozshugor@mail.ru,2007.4.16.,female
599,Sternfury,Sternfury@mail.ru,1990.5.26.,male
600,Mavege,Mavege@mail.ru,1990.9.17.,male
601,Molar,Molar@mail.ru,2004.6.23.,female
602,Adorari,Adorari@mail.ru,1986.6.11.,male
603,Swordbrand,Swordbrand@mail.ru,1989.3.19.,male
604,Mikanris,Mikanris@mail.ru,1999.12.23.,female
605,Grolkree,Grolkree@mail.ru,2000.2.26.,female
606,Dumuro,Dumuro@mail.ru,1982.9.26.,male
607,Ishnjurus,Ishnjurus@mail.ru,1985.11.18.,male
608,Dok,Dok@mail.ru,1983.10.13.,female
609,Maverne,Maverne@mail.ru,1979.4.13.,male
610,Zulkilrajas,Zulkilrajas@mail.ru,1989.6.10.,male
611,Gavikelv,Gavikelv@mail.ru,1987.12.18.,female
612,Digal,Digal@mail.ru,1979.5.20.,female
613,Maule,Maule@mail.ru,1988.2.17.,male
614,Dorith,Dorith@mail.ru,1979.4.26.,male
615,Thordisius,Thordisius@mail.ru,1971.6.22.,male
616,Nikonris,Nikonris@mail.ru,1974.9.11.,male
617,Saithinrad,Saithinrad@mail.ru,2009.5.3.,female
618,Fegis,Fegis@mail.ru,1984.1.9.,female
619,Modilak,Modilak@mail.ru,1986.4.11.,male
620,Maghma,Maghma@mail.ru,1988.2.3.,male
621,Mikataxe,Mikataxe@mail.ru,1986.10.20.,male
622,Ferus,Ferus@mail.ru,1975.10.28.,male
623,Golrajas,Golrajas@mail.ru,1983.1.22.,female
624,Tojalkree,Tojalkree@mail.ru,1996.11.13.,male
625,Buririm,Buririm@mail.ru,1993.5.16.,female
626,Nalmelak,Nalmelak@mail.ru,2004.7.25.,female
627,Bosida,Bosida@mail.ru,1973.2.20.,female
628,Mavewyn,Mavewyn@mail.ru,1975.5.9.,female
629,Bardred,Bardred@mail.ru,1982.3.21.,male
630,Vudojora,Vudojora@mail.ru,1976.8.8.,female
631,Bralune,Bralune@mail.ru,1998.10.10.,male
632,Daizragore,Daizragore@mail.ru,1974.11.13.,male
633,Kihn,Kihn@mail.ru,1980.10.7.,female
634,Jugor,Jugor@mail.ru,1990.6.14.,female
635,Kebandis,Kebandis@mail.ru,1994.10.26.,female
636,Tujas,Tujas@mail.ru,1992.12.11.,female
637,Munirdin,Munirdin@mail.ru,2005.11.1.,male
638,Ballath,Ballath@mail.ru,1974.4.15.,female
639,Dakora,Dakora@mail.ru,1991.6.11.,male
640,Kazijora,Kazijora@mail.ru,2001.7.27.,female
641,Delaswyn,Delaswyn@mail.ru,2007.3.6.,female
642,Agann,Agann@mail.ru,1996.11.8.,female
643,Nathis,Nathis@mail.ru,1977.7.8.,male
644,Nidred,Nidred@mail.ru,1987.8.18.,female
645,Shaliron,Shaliron@mail.ru,1970.9.23.,female
646,Ygglanim,Ygglanim@mail.ru,2006.1.2.,female
647,Zasida,Zasida@mail.ru,1991.6.25.,female
648,Shakagor,Shakagor@mail.ru,1993.11.10.,female
649,Dawneye,Dawneye@mail.ru,1975.3.10.,female
650,Centrifyn,Centrifyn@mail.ru,1970.12.27.,male
651,Arajar,Arajar@mail.ru,1970.10.25.,female
652,Terana,Terana@mail.ru,1994.1.13.,male
653,Morarad,Morarad@mail.ru,1990.5.6.,female
654,Direbearer,Direbearer@mail.ru,1982.7.25.,female
655,Lightwing,Lightwing@mail.ru,1986.4.15.,female
656,Frostbreaker,Frostbreaker@mail.ru,1971.2.25.,male
657,Nilahuginn,Nilahuginn@mail.ru,1997.8.17.,male
658,Nuadantrius,Nuadantrius@mail.ru,1977.10.22.,female
659,Arashigami,Arashigami@mail.ru,1975.12.18.,male
660,Kinos,Kinos@mail.ru,1981.2.7.,female
661,Dawnweaver,Dawnweaver@mail.ru,1990.5.19.,male
662,Truthterror,Truthterror@mail.ru,2006.6.22.,male
663,Tygragas,Tygragas@mail.ru,1991.9.20.,female
664,Narisar,Narisar@mail.ru,1998.8.14.,male
665,Hugigas,Hugigas@mail.ru,1973.12.15.,female
666,Brahelm,Brahelm@mail.ru,1991.12.1.,female
667,Grocage,Grocage@mail.ru,1995.4.8.,female
668,Adrielbine,Adrielbine@mail.ru,2010.11.26.,male
669,Nalabar,Nalabar@mail.ru,1989.7.17.,female
670,Salabar,Salabar@mail.ru,1977.2.5.,female
671,Zolomi,Zolomi@mail.ru,1976.7.23.,female
672,Spellflame,Spellflame@mail.ru,1995.9.6.,female
673,Malorad,Malorad@mail.ru,1983.2.25.,male
674,Sirazar,Sirazar@mail.ru,1987.7.18.,female
675,Fetaur,Fetaur@mail.ru,2004.4.15.,male
676,Landadwyn,Landadwyn@mail.ru,2002.8.9.,female
677,Mausho,Mausho@mail.ru,1997.3.20.,female
678,Anarakus,Anarakus@mail.ru,2002.4.5.,male
679,Alsagrinn,Alsagrinn@mail.ru,1974.7.16.,female
680,Karg,Karg@mail.ru,1982.12.9.,female
681,Sinscar,Sinscar@mail.ru,1984.4.22.,female
682,Rexbrew,Rexbrew@mail.ru,1970.5.14.,female
683,Dorinis,Dorinis@mail.ru,1998.5.22.,female
684,Malondis,Malondis@mail.ru,1973.2.28.,female
685,Domi,Domi@mail.ru,1980.12.13.,male
686,Opira,Opira@mail.ru,1978.3.20.,female
687,Balkree,Balkree@mail.ru,2003.7.8.,female
688,Tethis,Tethis@mail.ru,2003.7.25.,male
689,Tanris,Tanris@mail.ru,1979.6.14.,male
690,Goldeneye,Goldeneye@mail.ru,1973.7.26.,male
691,Tezar,Tezar@mail.ru,2002.2.28.,female
692,Andromagelv,Andromagelv@mail.ru,1981.5.4.,female
693,Takree,Takree@mail.ru,1989.12.14.,female
694,Zululkree,Zululkree@mail.ru,2000.9.26.,female
695,Mathis,Mathis@mail.ru,1973.8.25.,female
696,Mik,Mik@mail.ru,1984.6.28.,female
697,Duzahn,Duzahn@mail.ru,1983.4.3.,male
698,Agamanrad,Agamanrad@mail.ru,1990.5.22.,female
699,Cemath,Cemath@mail.ru,2000.6.26.,male
700,Mekinos,Mekinos@mail.ru,1970.4.7.,female
701,Beazerin,Beazerin@mail.ru,1982.8.26.,male
702,Colv,Colv@mail.ru,1977.2.3.,male
703,Mimuro,Mimuro@mail.ru,1994.6.16.,female
704,Mogami,Mogami@mail.ru,2006.12.5.,male
705,Douzilkree,Douzilkree@mail.ru,1973.10.23.,male
706,Terdana,Terdana@mail.ru,1999.6.8.,female
707,Thordirne,Thordirne@mail.ru,1970.4.17.,female
708,Gardale,Gardale@mail.ru,1971.12.23.,male
709,Virisar,Virisar@mail.ru,1976.9.17.,male
710,Bajas,Bajas@mail.ru,1971.5.2.,female
711,Ariurad,Ariurad@mail.ru,2008.6.19.,female
712,Cerern,Cerern@mail.ru,1980.1.22.,female
713,Shaktir,Shaktir@mail.ru,2003.4.11.,male
714,Dagda,Dagda@mail.ru,1974.11.14.,male
715,Gucage,Gucage@mail.ru,2005.3.11.,female
716,Bunara,Bunara@mail.ru,1999.11.18.,male
717,Bozan,Bozan@mail.ru,1988.6.3.,female
718,Trutheye,Trutheye@mail.ru,1970.12.17.,female
719,Codi,Codi@mail.ru,1989.1.14.,male
720,Adorarn,Adorarn@mail.ru,1980.2.6.,female
721,Zalak,Zalak@mail.ru,1986.9.10.,male
722,Ishnzel,Ishnzel@mail.ru,1988.9.9.,female
723,Starfont,Starfont@mail.ru,1985.4.4.,female
724,Braghma,Braghma@mail.ru,1998.3.4.,male
725,Graniri,Graniri@mail.ru,1976.4.18.,male
726,Anahelm,Anahelm@mail.ru,1985.9.4.,male
727,Auriginn,Auriginn@mail.ru,2006.4.10.,male
728,Anararim,Anararim@mail.ru,1993.4.6.,female
729,Darkrunner,Darkrunner@mail.ru,2009.2.11.,female
730,Hellpick,Hellpick@mail.ru,1997.4.27.,female
731,Kirigrinn,Kirigrinn@mail.ru,2005.6.14.,male
732,Dogrel,Dogrel@mail.ru,2008.12.11.,male
733,Yggmeena,Yggmeena@mail.ru,1982.8.23.,male
734,Silverworm,Silverworm@mail.ru,1979.4.9.,female
735,Vurr,Vurr@mail.ru,1975.11.10.,male
736,Brardred,Brardred@mail.ru,2006.8.4.,female
737,Moonrunner,Moonrunner@mail.ru,1980.4.19.,female
738,Voodoojas,Voodoojas@mail.ru,2004.9.5.,female
739,Malamuro,Malamuro@mail.ru,1997.6.17.,female
740,Darkconjuror,Darkconjuror@mail.ru,1973.5.28.,male
741,Sinstaff,Sinstaff@mail.ru,1995.7.8.,female
742,Molune,Molune@mail.ru,1986.6.6.,female
743,Akinokasa,Akinokasa@mail.ru,1987.6.28.,male
744,Celanim,Celanim@mail.ru,2007.10.7.,female
745,Umtus,Umtus@mail.ru,1998.12.26.,female
746,Ariuginn,Ariuginn@mail.ru,1985.11.9.,female
747,Shadowbringer,Shadowbringer@mail.ru,1979.2.27.,female
748,Jolar,Jolar@mail.ru,1978.3.3.,female
749,Gotaxe,Gotaxe@mail.ru,1983.9.26.,female
750,Sinmoon,Sinmoon@mail.ru,1995.11.19.,male
751,Wrathbinder,Wrathbinder@mail.ru,1982.12.22.,male
752,Malasho,Malasho@mail.ru,1999.9.26.,female
753,Dourr,Dourr@mail.ru,1994.7.27.,male
754,Zurisar,Zurisar@mail.ru,2000.12.17.,male
755,Goldendefender,Gold@mail.ruef@mail.ruer@mail.ru,1990.8.21.,female
756,Ba,Ba@mail.ru,1970.2.26.,male
757,Tholen,Tholen@mail.ru,1977.9.20.,male
758,Yojinn,Yojinn@mail.ru,1990.8.24.,male
759,Ballaath,Ballaath@mail.ru,2009.12.27.,male
760,Ironfont,Ironfont@mail.ru,2007.4.10.,male
761,Dakinos,Dakinos@mail.ru,1986.1.11.,female
762,Manadar,Manadar@mail.ru,1975.1.19.,female
763,Vonris,Vonris@mail.ru,2001.5.16.,male
764,Mell,Mell@mail.ru,2008.8.18.,male
765,Burirus,Burirus@mail.ru,1974.3.10.,female
766,Doulkree,Doulkree@mail.ru,1999.1.15.,male
767,Branris,Branris@mail.ru,1994.5.21.,male
768,Tojagal,Tojagal@mail.ru,2007.9.23.,male
769,Fordrelore,Fordrelore@mail.ru,1984.1.17.,female
770,Buzann,Buzann@mail.ru,2002.9.18.,female
771,Fordrelis,Fordrelis@mail.ru,1999.3.8.,female
772,Chillrunner,Chillrunner@mail.ru,1970.9.19.,male
773,Hugirin,Hugirin@mail.ru,1986.1.28.,female
774,Ninaya,Ninaya@mail.ru,2010.7.15.,male
775,Mageraven,Mageraven@mail.ru,2005.12.10.,female
776,Thetadwyn,Thetadwyn@mail.ru,2010.5.6.,male
777,Te,Te@mail.ru,2000.4.26.,male
778,Arashisho,Arashisho@mail.ru,2006.1.4.,female
779,Sajas,Sajas@mail.ru,1994.12.10.,male
780,Graveldefender,Graveldef@mail.ruer@mail.ru,2007.11.13.,male
781,Pelen,Pelen@mail.ru,1989.2.28.,male
782,Jugar,Jugar@mail.ru,1988.4.4.,female
783,Mile,Mile@mail.ru,1998.12.11.,male
784,Mavekelv,Mavekelv@mail.ru,1988.10.11.,female
785,Dalv,Dalv@mail.ru,1976.7.4.,male
786,Celen,Celen@mail.ru,1980.6.5.,male
787,Dianarn,Dianarn@mail.ru,2002.2.15.,female
788,Kasho,Kasho@mail.ru,2005.5.6.,female
789,Delallador,Delallador@mail.ru,1993.8.20.,female
790,Dolsa,Dolsa@mail.ru,1982.4.14.,female
791,Delawield,Delawield@mail.ru,1974.6.28.,male
792,Narus,Narus@mail.ru,1973.6.1.,male
793,Kikree,Kikree@mail.ru,1975.6.15.,female
794,Manatus,Manatus@mail.ru,2008.4.23.,female
795,Delalak,Delalak@mail.ru,1975.10.27.,female
796,Whisperbinder,Whisperbinder@mail.ru,1985.5.10.,male
797,Gataur,Gataur@mail.ru,1974.9.9.,male
798,Ma,Ma@mail.ru,1975.10.7.,male
799,Vubei,Vubei@mail.ru,1978.3.6.,female
800,KargasThunderbourne,KargasThunderbourne@mail.ru,1970.7.9.,male
801,Cordadora,Cordadora@mail.ru,1992.6.5.,female
802,Beazezar,Beazezar@mail.ru,2000.7.12.,female
803,Thetafym,Thetafym@mail.ru,1984.5.22.,male
804,Maujas,Maujas@mail.ru,1974.9.23.,male
805,Hugilanim,Hugilanim@mail.ru,2004.3.22.,female
806,Tell,Tell@mail.ru,1985.6.9.,female
807,Kanos,Kanos@mail.ru,2000.11.28.,female
808,Delamath,Delamath@mail.ru,1985.5.16.,male
809,Talrajas,Talrajas@mail.ru,1990.3.11.,male
810,Zafym,Zafym@mail.ru,1995.7.4.,male
811,Ditaxe,Ditaxe@mail.ru,1973.3.15.,female
812,Meztikazahn,Meztikazahn@mail.ru,1984.9.27.,male
813,Grorn,Grorn@mail.ru,1987.10.21.,female
814,Zuzil,Zuzil@mail.ru,2004.7.26.,female
815,Zalak,Zalak@mail.ru,1996.6.5.,male
816,Dorilis,Dorilis@mail.ru,1972.6.21.,female
817,Hugirdin,Hugirdin@mail.ru,1995.4.8.,male
818,Hellfont,Hellfont@mail.ru,1989.12.19.,male
819,Agamardred,Agamardred@mail.ru,1990.12.1.,male
820,Samukree,Samukree@mail.ru,1974.2.10.,female
821,Mezidal,Mezidal@mail.ru,1985.12.24.,male
822,Malkis,Malkis@mail.ru,1977.4.8.,male
823,Sharpweaver,Sharpweaver@mail.ru,1999.6.24.,male
824,Momand,Momand@mail.ru,1975.3.26.,female
825,Burdana,Burdana@mail.ru,1970.1.16.,male
826,Grigra,Grigra@mail.ru,1995.1.9.,female
827,Dalkree,Dalkree@mail.ru,1971.3.12.,male
828,Kajikree,Kajikree@mail.ru,1981.11.28.,female
829,Adorara,Adorara@mail.ru,1984.10.26.,male
830,Thonn,Thonn@mail.ru,1984.2.1.,male
831,Shaktilrajas,Shaktilrajas@mail.ru,1994.6.23.,female
832,Taugis,Taugis@mail.ru,2004.8.25.,male
833,Burus,Burus@mail.ru,1982.7.1.,male
834,Malosida,Malosida@mail.ru,2001.10.5.,female
835,Auriris,Auriris@mail.ru,2008.4.21.,female
836,Moath,Moath@mail.ru,1975.11.8.,female
837,Morarim,Morarim@mail.ru,1983.10.21.,female
838,Fenrirr,Fenrirr@mail.ru,1971.3.2.,male
839,Darkweaver,Darkweaver@mail.ru,1978.9.11.,female
840,Gardahn,Gardahn@mail.ru,1994.6.13.,male
841,Miraath,Miraath@mail.ru,2000.4.22.,male
842,Gargas,Gargas@mail.ru,2008.7.6.,female
843,Ghodor,Ghodor@mail.ru,1994.3.2.,male
844,Goldscar,Goldscar@mail.ru,2004.4.22.,female
845,Dara,Dara@mail.ru,2006.7.6.,male
846,Lathris,Lathris@mail.ru,1971.12.2.,male
847,Kelefym,Kelefym@mail.ru,1971.2.1.,female
848,Vudomi,Vudomi@mail.ru,2001.9.7.,male
849,Mazura,Mazura@mail.ru,2004.2.28.,female
850,Madal,Madal@mail.ru,1990.7.5.,male
851,Nuadara,Nuadara@mail.ru,2003.10.8.,male
852,Hukelv,Hukelv@mail.ru,1999.4.4.,male
853,Kegor,Kegor@mail.ru,1985.9.18.,female
854,Gavige,Gavige@mail.ru,2005.2.8.,male
855,Doutilar,Doutilar@mail.ru,1981.2.2.,female
856,Bandimand,Bandimand@mail.ru,1984.4.6.,male
857,Lariel,Lariel@mail.ru,1990.11.10.,male
858,Ballardana,Ballardana@mail.ru,1990.1.9.,male
859,Beazezan,Beazezan@mail.ru,1980.8.9.,male
860,Budred,Budred@mail.ru,2007.10.21.,male
861,Centrira,Centrira@mail.ru,1973.2.18.,female
862,Malagar,Malagar@mail.ru,1993.7.9.,male
863,Hurana,Hurana@mail.ru,1991.7.8.,female
864,Opiril,Opiril@mail.ru,1996.6.14.,female
865,Goltishicage,Goltishicage@mail.ru,1993.9.1.,female
866,Beazeron,Beazeron@mail.ru,1972.6.4.,male
867,Vudorg,Vudorg@mail.ru,1975.6.4.,male
868,Cordameena,Cordameena@mail.ru,1992.6.10.,female
869,Swordcaster,Swordcaster@mail.ru,2006.9.6.,male
870,Lightshaper,Lightshaper@mail.ru,2004.12.6.,male
871,Whitecaster,Whitecaster@mail.ru,1982.7.13.,male
872,Moongrove,Moongrove@mail.ru,1989.8.16.,female
873,Maghma,Maghma@mail.ru,1987.12.13.,male
874,Saidora,Saidora@mail.ru,1984.2.24.,male
875,Muktilar,Muktilar@mail.ru,2009.3.7.,female
876,Mazil,Mazil@mail.ru,1971.11.18.,female
877,Nightshaper,Nightshaper@mail.ru,2003.3.20.,male
878,Adorus,Adorus@mail.ru,1971.5.12.,female
879,Dolabar,Dolabar@mail.ru,1988.7.21.,male
880,Ironseeker,Ironseeker@mail.ru,1970.4.13.,female
881,Gavinrara,Gavinrara@mail.ru,2007.4.24.,female
882,Rainstone,Rainstone@mail.ru,1991.9.23.,male
883,Perilbine,Perilbine@mail.ru,1990.8.24.,male
884,Aralv,Aralv@mail.ru,1988.8.15.,female
885,Windmane,Windmane@mail.ru,1976.7.1.,male
886,Mirr,Mirr@mail.ru,2003.8.1.,female
887,Margas,Margas@mail.ru,1986.12.18.,female
888,Umth,Umth@mail.ru,1976.1.16.,female
889,Tojadal,Tojadal@mail.ru,1996.4.17.,female
890,Lightterror,Lightterror@mail.ru,1988.2.23.,male
891,Darisar,Darisar@mail.ru,1972.7.28.,female
892,Yoshakar,Yoshakar@mail.ru,1982.2.3.,female
893,Thetagelv,Thetagelv@mail.ru,1983.6.11.,male
894,Vudokora,Vudokora@mail.ru,2006.10.25.,female
895,Whitefang,Whitefang@mail.ru,1999.4.26.,female
896,Marinis,Marinis@mail.ru,1997.3.18.,male
897,Adrielune,Adrielune@mail.ru,2009.5.12.,female
898,Morlugas,Morlugas@mail.ru,1986.12.16.,female
899,Flamedefender,Flamedef@mail.ruer@mail.ru,1998.6.19.,male
900,Manazius,Manazius@mail.ru,1982.9.22.,female
901,Dalis,Dalis@mail.ru,1994.10.7.,female
902,Redmane,Redmane@mail.ru,1988.10.18.,male
903,Brak,Brak@mail.ru,1972.7.25.,male
904,Gasho,Gasho@mail.ru,1984.1.16.,male
905,Goldmoon,Goldmoon@mail.ru,1981.7.17.,female
906,Bandigar,Bandigar@mail.ru,2008.12.19.,male
907,Arashishakar,Arashishakar@mail.ru,1985.1.2.,female
908,Nikodal,Nikodal@mail.ru,1997.11.14.,male
909,Nuadalak,Nuadalak@mail.ru,1987.6.24.,female
910,Thorius,Thorius@mail.ru,1973.12.17.,female
911,Kishicage,Kishicage@mail.ru,1975.1.27.,female
912,Flamebearer,Flamebearer@mail.ru,2001.2.19.,female
913,Thorgakelv,Thorgakelv@mail.ru,1974.12.8.,female
914,Tholsa,Tholsa@mail.ru,1992.12.17.,male
915,Manarad,Manarad@mail.ru,2008.10.2.,female
916,Doutaur,Doutaur@mail.ru,2009.4.9.,female
917,Mudi,Mudi@mail.ru,2007.1.17.,female
918,Felhalore,Felhalore@mail.ru,2000.6.4.,male
919,Landanin,Landanin@mail.ru,1976.5.25.,female
920,Samuzshura,Samuzshura@mail.ru,1994.7.28.,male
921,Mazumi,Mazumi@mail.ru,1995.4.20.,male
922,Bloodstaff,Bloodstaff@mail.ru,1976.10.10.,male
923,Silverraven,Silverraven@mail.ru,1980.1.4.,male
924,Moonfont,Moonfont@mail.ru,1993.6.17.,male
925,Fausar,Fausar@mail.ru,1988.12.4.,male
926,Peswyn,Peswyn@mail.ru,1992.1.23.,female
927,Doomstone,Doomstone@mail.ru,1973.4.14.,female
928,Nualune,Nualune@mail.ru,2008.2.23.,male
929,Lalanim,Lalanim@mail.ru,1999.6.3.,female
930,Buzalen,Buzalen@mail.ru,1993.11.14.,male
931,Buzadred,Buzadred@mail.ru,2006.5.16.,female
932,Molkis,Molkis@mail.ru,2010.11.23.,female
933,Fohelm,Fohelm@mail.ru,1987.9.5.,male
934,Cenara,Cenara@mail.ru,1993.5.1.,female
935,Garon,Garon@mail.ru,1987.7.6.,female
936,Agamalsa,Agamalsa@mail.ru,1978.2.21.,female
937,Purefist,Purefist@mail.ru,1973.5.7.,female
938,Kathribor,Kathribor@mail.ru,1973.1.1.,male
939,Ianrne,Ianrne@mail.ru,1981.11.15.,male
940,Dodor,Dodor@mail.ru,1991.6.2.,male
941,Dawnbinder,Dawnbinder@mail.ru,1987.9.20.,female
942,Thunderterror,Thunderterror@mail.ru,2000.11.19.,female
943,Dara,Dara@mail.ru,1994.5.12.,female
944,Nikozuru,Nikozuru@mail.ru,1987.5.2.,male
945,Analis,Analis@mail.ru,1995.10.16.,female
946,Morlunadar,Morlunadar@mail.ru,1970.4.20.,female
947,Grilsa,Grilsa@mail.ru,2006.7.22.,female
948,Coginn,Coginn@mail.ru,1973.9.14.,male
949,Goshakar,Goshakar@mail.ru,1974.10.10.,female
950,Kelmaran,Kelmaran@mail.ru,1974.6.27.,female
951,Ceredora,Ceredora@mail.ru,1995.7.26.,female
952,Vusida,Vusida@mail.ru,1984.9.1.,male
953,Moditus,Moditus@mail.ru,1997.7.1.,female
954,Kilabar,Kilabar@mail.ru,1991.7.6.,male
955,Branrad,Branrad@mail.ru,1972.8.28.,male
956,Delalanim,Delalanim@mail.ru,1987.3.8.,female
957,Gravelworker,Gravelworker@mail.ru,1986.4.19.,male
958,Ballath,Ballath@mail.ru,1992.11.27.,male
959,Malandis,Malandis@mail.ru,1979.1.26.,male
960,Garamar,Garamar@mail.ru,2005.3.25.,male
961,Marilak,Marilak@mail.ru,2007.11.16.,female
962,Moogujar,Moogujar@mail.ru,1993.4.11.,female
963,Nuath,Nuath@mail.ru,2007.5.13.,male
964,Saberhammer,Saberhammer@mail.ru,2007.4.8.,female
965,Kerandis,Kerandis@mail.ru,1974.2.8.,male
966,Felhagda,Felhagda@mail.ru,1988.5.1.,male
967,Gardatilar,Gardatilar@mail.ru,1999.12.22.,female
968,Adorabor,Adorabor@mail.ru,2006.1.13.,male
969,Zologis,Zologis@mail.ru,1987.11.4.,male
970,Goltijind,Goltijind@mail.ru,1973.5.25.,female
971,Vizil,Vizil@mail.ru,1977.9.23.,female
972,Yggbor,Yggbor@mail.ru,1984.11.17.,male
973,Doridwyn,Doridwyn@mail.ru,2003.7.21.,male
974,Ironfont,Ironfont@mail.ru,1972.11.3.,male
975,Daizahn,Daizahn@mail.ru,1972.11.18.,female
976,Ceth,Ceth@mail.ru,1987.2.6.,female
977,Broadfang,Broadfang@mail.ru,1995.6.26.,female
978,Felordin,Felordin@mail.ru,1986.10.3.,male
979,Nall,Nall@mail.ru,2010.11.10.,female
980,Fern,Fern@mail.ru,1973.8.16.,female
981,Nuadanaya,Nuadanaya@mail.ru,1971.8.2.,female
982,Kerathris,Kerathris@mail.ru,1994.9.11.,female
983,Balladolen,Balladolen@mail.ru,1981.3.17.,female
984,Penius,Penius@mail.ru,1991.9.5.,male
985,Bonn,Bonn@mail.ru,1983.1.24.,male
986,Gavinrahelm,Gavinrahelm@mail.ru,1997.2.27.,female
987,Yozshusho,Yozshusho@mail.ru,1994.2.3.,male
988,Thodar,Thodar@mail.ru,2008.5.16.,female
989,Blackbrand,Blackbrand@mail.ru,1991.3.14.,female
990,Magra,Magra@mail.ru,2009.6.5.,female
991,Miralar,Miralar@mail.ru,1985.3.9.,male
992,Whiteworm,Whiteworm@mail.ru,1970.2.23.,male
993,Mit,Mit@mail.ru,2002.4.25.,male
994,Folas,Folas@mail.ru,1975.7.18.,female
995,Siralv,Siralv@mail.ru,1985.12.3.,female
996,Diana,Diana@mail.ru,1987.4.7.,male
997,Balas,Balas@mail.ru,1970.7.26.,male
998,Kasida,Kasida@mail.ru,1979.7.27.,female
999,Dagdamath,Dagdamath@mail.ru,1993.6.23.,female
1000,Kantrius,Kantrius,2002.8.5.,male
